{
  "device_name": "/dev/video-camera0",
  "width": 640,
  "height": 480,
  "video_flip": {
    "horizontal": false,
    "vertical": true
  },
  "K": [
    [272.86589772, 0.0, 307.30361019],
    [0.0, 271.61038474, 237.17914159],
    [0.0, 0.0, 1.0]
  ],
  "D": [-0.02317119, 0.0017817, -0.00110363, 0.00098594, -0.00091595],
  "network": {
    "object_update_port": 9002,
    "stream_port": 8080,
    "render_fps": 75,
    "stream_fps": 30,
    "stream_jpeg_quality": 50,
    "shm_fps": 60,
    "shm_buffers": 3,
    "referee_flush_interval": 0.5,
    "control_port": 9005,
    "udp_target_ip": "192.168.x.x",
    "udp_target_port": 9000,
    "unity_sync_port": 9003,
    "unity_target_ip": "192.168.x.x",
    "sync_rate": 30,
    "imu_send_rate": 50,
    "pos_offset": [0.0, 0.16, 0.0],
    "euler_offset": [0.0, 0.0, 0.0]
  }
}
